id,date,location,car_name,model_name,seller_name,seller_address,price
1,01022017,EKM,aaaa,mkj,ffff,dddddddd,500
2,01022017,EKM,aaaa,mkj,ffff,dddddddd,500
3,01022017,EKM,aaaa,mkj,ffff,dddddddd,500
4,01022017,EKM,aaaa,mkj,ffff,dddddddd,500
5,01022017,EKM,aaaa,mkj,ffff,dddddddd,500
id,date,location,car_name,model_name,seller_name,seller_address,price
1,01022017,KLM,aaaa,mkj,ffff,dddddddd,500
2,01022017,KLM,aaaa,mkj,ffff,dddddddd,500
3,01022017,KLM,aaaa,mkj,ffff,dddddddd,500
4,01022017,KLM,aaaa,mkj,ffff,dddddddd,500
5,01022017,KLM,aaaa,mkj,ffff,dddddddd,500
1,01022017,TVM,aaaa,mkj,ffff,dddddddd,500
2,01022017,TVM,aaaa,mkj,ffff,dddddddd,500
3,01022017,TVM,aaaa,mkj,ffff,dddddddd,500
4,01022017,TVM,aaaa,mkj,ffff,dddddddd,500
5,01022017,TVM,aaaa,mkj,ffff,dddddddd,500
id,date,location,car_name,model_name,seller_name,seller_address,price
1,01022017,sample,aaaa,mkj,ffff,dddddddd,500
2,01022017,sample,aaaa,mkj,ffff,dddddddd,500
3,01022017,sample,aaaa,mkj,ffff,dddddddd,500
4,01022017,sample,aaaa,mkj,ffff,dddddddd,500
